scenario,uncertainty,trial,seed,method,window,hard_lower,hard_upper,smooth_score,planning_time
lane_change,0.5,0,2026,deterministic_stl,0,0.9999604225158691,1.0,0.8517925143241882,0.9042802750045666
lane_change,0.5,0,2026,deterministic_stl,1,0.999948263168335,1.0,0.8516338467597961,0.5606092009984422
lane_change,0.5,0,2026,deterministic_stl,2,0.9999860525131226,1.0,0.8594456911087036,0.543204235000303
lane_change,0.5,0,2026,deterministic_stl,3,0.9999773502349854,1.0,0.8750168085098267,0.5580198329989798
lane_change,0.5,0,2026,deterministic_stl,4,0.9999868869781494,1.0,0.8955227732658386,0.5546891709964257
lane_change,0.5,0,2026,deterministic_stl,5,0.9999852180480957,1.0,0.8912209272384644,0.5587308869944536
lane_change,0.5,0,2026,deterministic_stl,6,0.9999871253967285,1.0,0.9023693799972534,0.5778308259978076
lane_change,0.5,0,2026,deterministic_stl,7,0.9999868869781494,1.0,0.9033086895942688,0.46314026299660327
lane_change,0.5,0,2026,deterministic_stl,8,0.9999866485595703,1.0,0.9036349058151245,0.5569118880011956
lane_change,0.5,0,2026,deterministic_stl,9,0.9999866485595703,1.0,0.9135756492614746,0.5609763210013625
lane_change,0.5,0,2026,deterministic_stl,10,0.9999867677688599,1.0,0.9143506288528442,0.5611383889990975
lane_change,0.5,0,2026,deterministic_stl,11,0.9999871253967285,1.0,0.9041891098022461,0.49466898199898424
lane_change,0.5,0,2026,deterministic_stl,12,0.9999862909317017,1.0,0.9149354100227356,0.5562837139950716
lane_change,0.5,0,2026,deterministic_stl,13,0.9999806880950928,0.9999821782112122,0.7126234769821167,0.3992352809946169
lane_change,0.5,0,2026,deterministic_stl,14,0.9999954700469971,0.9999969601631165,0.8707687258720398,0.4237820289999945
lane_change,0.5,0,2026,deterministic_stl,15,0.9999955892562866,0.9999970197677612,0.9226317405700684,0.4430441090007662
lane_change,0.5,0,2026,deterministic_stl,16,0.9999955892562866,0.9999970197677612,0.9214221835136414,0.4424661310040392
lane_change,0.5,0,2026,deterministic_stl,17,0.9999955892562866,0.9999970197677612,0.9255930781364441,0.4425642450005398
lane_change,0.5,0,2026,pdstl,0,0.9997416734695435,1.0,0.93426513671875,6.429673717000696
lane_change,0.5,0,2026,pdstl,1,0.9992051124572754,1.0,0.9324640035629272,6.5273397249984555
lane_change,0.5,0,2026,pdstl,2,0.9993817806243896,1.0,0.9318552017211914,5.757900559001428
lane_change,0.5,0,2026,pdstl,3,0.9995822906494141,1.0,0.9313246011734009,6.479589439004485
lane_change,0.5,0,2026,pdstl,4,0.9998213052749634,1.0,0.9307649731636047,5.621499496999604
lane_change,0.5,0,2026,pdstl,5,0.9999475479125977,1.0,0.92979896068573,5.8607646159944125
lane_change,0.5,0,2026,pdstl,6,0.9999334812164307,1.0,0.9284825325012207,5.843254652005271
lane_change,0.5,0,2026,pdstl,7,0.9999186992645264,1.0,0.9271306991577148,6.03652790599881
lane_change,0.5,0,2026,pdstl,8,0.9999254941940308,1.0,0.9256609082221985,6.489495642003021
lane_change,0.5,0,2026,pdstl,9,0.9999568462371826,1.0,0.9241012334823608,5.891444954999315
lane_change,0.5,0,2026,pdstl,10,0.9998838901519775,1.0,0.9266905784606934,5.824561661000189
lane_change,0.5,0,2026,pdstl,11,0.9999387264251709,1.0,0.9299299120903015,5.264023983996594
lane_change,0.5,0,2026,pdstl,12,0.9999161958694458,1.0,0.9302386045455933,5.539840543999162
lane_change,0.5,0,2026,pdstl,13,0.9781928062438965,0.9782891869544983,0.9262852668762207,1.0462004479995812
lane_change,0.5,0,2026,pdstl,14,0.9996809959411621,0.9997985363006592,0.9305938482284546,1.1217340200018953
lane_change,0.5,0,2026,pdstl,15,0.999690055847168,0.9998449683189392,0.930600643157959,1.1162444869987667
lane_change,0.5,0,2026,pdstl,16,0.9995951652526855,0.9997975826263428,0.9305386543273926,1.0562290380039485
lane_change,0.5,0,2026,pdstl,17,0.9995689392089844,0.9997844099998474,0.930455207824707,0.9049555189994862
lane_change,1.0,0,2026,deterministic_stl,0,0.9488084316253662,1.0,0.8846337199211121,0.45859632000065176
lane_change,1.0,0,2026,deterministic_stl,1,0.9624613523483276,1.0,0.8253756761550903,0.5321895750021213
lane_change,1.0,0,2026,deterministic_stl,2,0.96173095703125,1.0,0.8856058120727539,0.5647867200023029
lane_change,1.0,0,2026,deterministic_stl,3,0.9608312845230103,1.0,0.8967140316963196,0.5625807169999462
lane_change,1.0,0,2026,deterministic_stl,4,0.964372992515564,1.0,0.9022520780563354,0.5592488850015798
lane_change,1.0,0,2026,deterministic_stl,5,0.9673590660095215,1.0,0.8873922228813171,0.5604877310033771
lane_change,1.0,0,2026,deterministic_stl,6,0.9716702699661255,1.0,0.8967331647872925,0.5591693749956903
lane_change,1.0,0,2026,deterministic_stl,7,0.9719400405883789,1.0,0.8843015432357788,0.5614649760027532
lane_change,1.0,0,2026,deterministic_stl,8,0.9722893238067627,1.0,0.8831944465637207,0.5616565140007879
lane_change,1.0,0,2026,deterministic_stl,9,0.9708046913146973,1.0,0.9134131669998169,0.5618965469984687
lane_change,1.0,0,2026,deterministic_stl,10,0.9703643321990967,1.0,0.8819161653518677,0.5641801559977466
lane_change,1.0,0,2026,deterministic_stl,11,0.971299409866333,1.0,0.9124833345413208,0.562740520996158
lane_change,1.0,0,2026,deterministic_stl,12,0.9712847471237183,1.0,0.913985550403595,0.5575616790010827
lane_change,1.0,0,2026,deterministic_stl,13,0.9701182842254639,0.9804399013519287,0.7247787714004517,0.44008167299762135
lane_change,1.0,0,2026,deterministic_stl,14,0.9708329439163208,0.9804644584655762,0.8760057687759399,0.45041997200314654
lane_change,1.0,0,2026,deterministic_stl,15,0.9707679748535156,0.9804657101631165,0.9224222302436829,0.41520934800064424
lane_change,1.0,0,2026,deterministic_stl,16,0.9706053733825684,0.9804653525352478,0.9104710817337036,0.36339335500088055
lane_change,1.0,0,2026,deterministic_stl,17,0.9710767269134521,0.9804518222808838,0.9242269396781921,0.45313181699748384
lane_change,1.0,0,2026,pdstl,0,0.938725471496582,1.0,0.863082230091095,6.509247423004126
lane_change,1.0,0,2026,pdstl,1,0.9481973648071289,1.0,0.8652530908584595,6.462435330999142
lane_change,1.0,0,2026,pdstl,2,0.9511921405792236,1.0,0.8610212206840515,6.497457290999591
lane_change,1.0,0,2026,pdstl,3,0.9510848522186279,1.0,0.8606215715408325,6.083924172002298
lane_change,1.0,0,2026,pdstl,4,0.9510648250579834,1.0,0.8596204519271851,6.495672076001938
lane_change,1.0,0,2026,pdstl,5,0.9510729312896729,1.0,0.8590973019599915,5.8925800239958335
lane_change,1.0,0,2026,pdstl,6,0.9509387016296387,1.0,0.8583623170852661,6.450279787000909
lane_change,1.0,0,2026,pdstl,7,0.9509423971176147,1.0,0.8568998575210571,6.518208290995972
lane_change,1.0,0,2026,pdstl,8,0.9525793790817261,1.0,0.8558527827262878,6.461332070000935
lane_change,1.0,0,2026,pdstl,9,0.9524402618408203,1.0,0.8552032709121704,6.019134303998726
lane_change,1.0,0,2026,pdstl,10,0.9501910209655762,1.0,0.8567229509353638,5.571762842999306
lane_change,1.0,0,2026,pdstl,11,0.9507969617843628,1.0,0.8586864471435547,5.337160380993737
lane_change,1.0,0,2026,pdstl,12,0.952308177947998,1.0,0.8588683009147644,5.279518884999561
lane_change,1.0,0,2026,pdstl,13,0.86574387550354,0.870823323726654,0.8662515878677368,1.1151183159963693
lane_change,1.0,0,2026,pdstl,14,0.9579849243164062,0.9645031094551086,0.9078140258789062,1.1229904179999721
lane_change,1.0,0,2026,pdstl,15,0.9725884199142456,0.979413628578186,0.9121965169906616,1.1704269780020695
lane_change,1.0,0,2026,pdstl,16,0.9724838733673096,0.9797338843345642,0.9098674654960632,1.1148117859993363
lane_change,1.0,0,2026,pdstl,17,0.9725139141082764,0.9796676635742188,0.9065496325492859,1.115529137001431
lane_change,2.0,0,2026,deterministic_stl,0,0.6047850847244263,1.0,0.874491810798645,0.5644367360000615
lane_change,2.0,0,2026,deterministic_stl,1,0.6493129730224609,1.0,0.7081858515739441,0.5999509510002099
lane_change,2.0,0,2026,deterministic_stl,2,0.6241486072540283,1.0,0.8779953122138977,0.5943603659979999
lane_change,2.0,0,2026,deterministic_stl,3,0.6323835849761963,1.0,0.9062593579292297,0.5313955259989598
lane_change,2.0,0,2026,deterministic_stl,4,0.6324476003646851,1.0,0.8673104047775269,0.5592829400047776
lane_change,2.0,0,2026,deterministic_stl,5,0.6122475862503052,1.0,0.8295513987541199,0.5662096489977557
lane_change,2.0,0,2026,deterministic_stl,6,0.6234710216522217,1.0,0.9087141752243042,0.5613836080010515
lane_change,2.0,0,2026,deterministic_stl,7,0.6333508491516113,1.0,0.8965997695922852,0.561179495001852
lane_change,2.0,0,2026,deterministic_stl,8,0.6238104104995728,1.0,0.9041773080825806,0.559557913999015
lane_change,2.0,0,2026,deterministic_stl,9,0.6364808082580566,1.0,0.912377655506134,0.5620989130038652
lane_change,2.0,0,2026,deterministic_stl,10,0.6320319175720215,1.0,0.9031310081481934,0.5765726609970443
lane_change,2.0,0,2026,deterministic_stl,11,0.6378703117370605,1.0,0.9066667556762695,0.5740650649968302
lane_change,2.0,0,2026,deterministic_stl,12,0.6322579383850098,1.0,0.9109090566635132,0.6045746560048428
lane_change,2.0,0,2026,deterministic_stl,13,0.6315584182739258,0.7570093274116516,0.7253433465957642,0.3683518570032902
lane_change,2.0,0,2026,deterministic_stl,14,0.630367636680603,0.7570263147354126,0.8700936436653137,0.40971535599965136
lane_change,2.0,0,2026,deterministic_stl,15,0.628917932510376,0.7570276856422424,0.9229756593704224,0.4468720429940731
lane_change,2.0,0,2026,deterministic_stl,16,0.6279188394546509,0.7570255994796753,0.8977365493774414,0.44531944999471307
lane_change,2.0,0,2026,deterministic_stl,17,0.6310057640075684,0.7569255828857422,0.9190170168876648,0.4481323930012877
lane_change,2.0,0,2026,pdstl,0,0.6108675003051758,1.0,0.5007261037826538,5.815970083996945
lane_change,2.0,0,2026,pdstl,1,0.6193907260894775,1.0,0.5009444952011108,5.500464680000732
lane_change,2.0,0,2026,pdstl,2,0.6171722412109375,1.0,0.4978102743625641,6.136930164997466
lane_change,2.0,0,2026,pdstl,3,0.6195769309997559,1.0,0.4951593279838562,6.426438868002151
lane_change,2.0,0,2026,pdstl,4,0.6292846202850342,1.0,0.49160709977149963,6.454599258999224
lane_change,2.0,0,2026,pdstl,5,0.6321530342102051,1.0,0.49184074997901917,6.516237750998698
lane_change,2.0,0,2026,pdstl,6,0.6466550827026367,1.0,0.4900451600551605,5.703160269004002
lane_change,2.0,0,2026,pdstl,7,0.647620677947998,1.0,0.4871872067451477,5.387291885002924
lane_change,2.0,0,2026,pdstl,8,0.6546863317489624,1.0,0.4849284291267395,5.297446574004425
lane_change,2.0,0,2026,pdstl,9,0.6511306762695312,1.0,0.47864896059036255,5.932173996996426
lane_change,2.0,0,2026,pdstl,10,0.6444718837738037,1.0,0.47625428438186646,6.088458078003896
lane_change,2.0,0,2026,pdstl,11,0.6453933715820312,1.0,0.47227269411087036,6.012586889002705
lane_change,2.0,0,2026,pdstl,12,0.6514873504638672,1.0,0.46756306290626526,6.457846065000922
lane_change,2.0,0,2026,pdstl,13,0.6535301208496094,0.72300785779953,0.6222643256187439,1.1199645510059781
lane_change,2.0,0,2026,pdstl,14,0.6635986566543579,0.7433394193649292,0.6285154223442078,1.0666319450028823
lane_change,2.0,0,2026,pdstl,15,0.662813663482666,0.7451112866401672,0.6190852522850037,1.1250281980028376
lane_change,2.0,0,2026,pdstl,16,0.6620340347290039,0.7463755011558533,0.6029992699623108,1.1270225760017638
lane_change,2.0,0,2026,pdstl,17,0.6633989810943604,0.742935836315155,0.5894347429275513,1.118198067000776
lane_merge,0.5,0,102026,deterministic_stl,0,0.9999998807907104,1.0,1.0980199575424194,0.5435104049975052
lane_merge,0.5,0,102026,deterministic_stl,1,0.9999998807907104,1.0,1.1150728464126587,0.5630619750008918
lane_merge,0.5,0,102026,deterministic_stl,2,0.9999998807907104,1.0,1.1249805688858032,0.5492071389962803
lane_merge,0.5,0,102026,deterministic_stl,3,1.0,1.0,1.1165955066680908,0.5428450089966645
lane_merge,0.5,0,102026,deterministic_stl,4,1.0,1.0,1.12363600730896,0.5487436449984671
lane_merge,0.5,0,102026,deterministic_stl,5,1.0,1.0,1.1239402294158936,0.46721473000070546
lane_merge,0.5,0,102026,deterministic_stl,6,1.0,1.0,1.12636137008667,0.5457788060011808
lane_merge,0.5,0,102026,deterministic_stl,7,1.0,1.0,1.126016616821289,0.5579227139969589
lane_merge,0.5,0,102026,deterministic_stl,8,1.0,1.0,1.1244093179702759,0.5036226270021871
lane_merge,0.5,0,102026,deterministic_stl,9,1.0,1.0,1.121368169784546,0.5541646999990917
lane_merge,0.5,0,102026,deterministic_stl,10,0.9999998807907104,1.0,1.1195285320281982,0.5498340639969683
lane_merge,0.5,0,102026,deterministic_stl,11,1.0,1.0,1.1151950359344482,0.47928993000095943
lane_merge,0.5,0,102026,deterministic_stl,12,0.9999998807907104,1.0,1.1116538047790527,0.5589801850001095
lane_merge,0.5,0,102026,deterministic_stl,13,1.0,0.9999999403953552,1.0473930835723877,0.41525066699978197
lane_merge,0.5,0,102026,deterministic_stl,14,1.0,0.9999999403953552,1.1166566610336304,0.4238821149992873
lane_merge,0.5,0,102026,deterministic_stl,15,1.0,0.9999999403953552,1.1101303100585938,0.42231032099516597
lane_merge,0.5,0,102026,deterministic_stl,16,1.0,0.9999999403953552,1.1074247360229492,0.4184856049978407
lane_merge,0.5,0,102026,deterministic_stl,17,0.9999997615814209,0.9999997019767761,1.1080681085586548,0.41328683600295335
lane_merge,0.5,0,102026,pdstl,0,0.9998798370361328,1.0,0.8562296032905579,8.503994259997853
lane_merge,0.5,0,102026,pdstl,1,0.9970276355743408,1.0,0.8362653851509094,7.860861009998189
lane_merge,0.5,0,102026,pdstl,2,0.9991717338562012,1.0,0.8376312255859375,7.316563827000209
lane_merge,0.5,0,102026,pdstl,3,0.9986746311187744,1.0,0.7956668138504028,7.41607354900043
lane_merge,0.5,0,102026,pdstl,4,0.9968934059143066,1.0,0.8294386863708496,8.330703881001682
lane_merge,0.5,0,102026,pdstl,5,0.999262809753418,1.0,0.8585141897201538,8.295948351995321
lane_merge,0.5,0,102026,pdstl,6,0.9998359680175781,1.0,0.859899640083313,8.357843689998845
lane_merge,0.5,0,102026,pdstl,7,0.9987342357635498,1.0,0.8583652377128601,8.37085391200526
lane_merge,0.5,0,102026,pdstl,8,0.9986412525177002,1.0,0.8559930920600891,8.339457520996802
lane_merge,0.5,0,102026,pdstl,9,0.9985880851745605,1.0,0.8534988164901733,8.043471128999954
lane_merge,0.5,0,102026,pdstl,10,0.998518705368042,1.0,0.8507879376411438,8.035174566000933
lane_merge,0.5,0,102026,pdstl,11,0.9984965324401855,1.0,0.8479636907577515,8.01285822099453
lane_merge,0.5,0,102026,pdstl,12,0.9985251426696777,1.0,0.8450538516044617,7.791836221003905
lane_merge,0.5,0,102026,pdstl,13,0.9985501766204834,1.0,0.8417390584945679,7.813129277994449
lane_merge,0.5,0,102026,pdstl,14,0.998824954032898,1.0,0.8396746516227722,7.2811157909964095
lane_merge,0.5,0,102026,pdstl,15,0.9986733198165894,1.0,0.8424190282821655,6.2488755009981105
lane_merge,0.5,0,102026,pdstl,16,0.9684067964553833,0.9697124361991882,0.8806074261665344,1.3424686159996781
lane_merge,0.5,0,102026,pdstl,17,0.998671293258667,0.9987125992774963,0.8943767547607422,1.286927815002855
lane_merge,0.5,0,102026,pdstl,18,0.998807430267334,0.9988123774528503,0.8954778909683228,1.286040643004526
lane_merge,0.5,0,102026,pdstl,19,0.9989080429077148,0.9989125728607178,0.8953655958175659,1.280833630997222
lane_merge,0.5,0,102026,pdstl,20,0.9987548589706421,0.9987602829933167,0.8949154019355774,1.2831311159970937
lane_merge,1.0,0,102026,deterministic_stl,0,0.9921009540557861,1.0,1.0805490016937256,0.551766440999927
lane_merge,1.0,0,102026,deterministic_stl,1,0.9942402839660645,1.0,1.1003376245498657,0.5433540209996863
lane_merge,1.0,0,102026,deterministic_stl,2,0.9933664798736572,1.0,1.1260392665863037,0.5374499380050111
lane_merge,1.0,0,102026,deterministic_stl,3,0.9933581352233887,1.0,1.1283994913101196,0.5398054690012941
lane_merge,1.0,0,102026,deterministic_stl,4,0.9942963123321533,1.0,1.1242387294769287,0.5424714129985659
lane_merge,1.0,0,102026,deterministic_stl,5,0.9934165477752686,1.0,1.1240191459655762,0.5399960039940197
lane_merge,1.0,0,102026,deterministic_stl,6,0.9939359426498413,1.0,1.1295348405838013,0.5427625579977757
lane_merge,1.0,0,102026,deterministic_stl,7,0.9942857027053833,1.0,1.122074842453003,0.5485625880028238
lane_merge,1.0,0,102026,deterministic_stl,8,0.9939286708831787,1.0,1.1264735460281372,0.48471695499756606
lane_merge,1.0,0,102026,deterministic_stl,9,0.9938750267028809,1.0,1.1246529817581177,0.44788811200123746
lane_merge,1.0,0,102026,deterministic_stl,10,0.9936392307281494,1.0,1.1211594343185425,0.5157534519967157
lane_merge,1.0,0,102026,deterministic_stl,11,0.9935343265533447,1.0,1.1167999505996704,0.5579286419961136
lane_merge,1.0,0,102026,deterministic_stl,12,0.993446946144104,1.0,1.1126527786254883,0.49018364799849223
lane_merge,1.0,0,102026,deterministic_stl,13,0.9942516088485718,0.9964662194252014,1.0602924823760986,0.4169074739984353
lane_merge,1.0,0,102026,deterministic_stl,14,0.9942604303359985,0.9965962171554565,1.117689847946167,0.4080154940020293
lane_merge,1.0,0,102026,deterministic_stl,15,0.9939851760864258,0.9959918260574341,1.1069397926330566,0.3475956909969682
lane_merge,1.0,0,102026,deterministic_stl,16,0.9937376976013184,0.9956167340278625,1.1020758152008057,0.3667822099960176
lane_merge,1.0,0,102026,deterministic_stl,17,0.9920318126678467,0.9935473203659058,1.1042722463607788,0.3859521970007336
lane_merge,1.0,0,102026,pdstl,0,0.9856065511703491,1.0,0.8108706474304199,8.466046733003168
lane_merge,1.0,0,102026,pdstl,1,0.9778463840484619,1.0,0.7997208833694458,8.37008583900024
lane_merge,1.0,0,102026,pdstl,2,0.9835511445999146,1.0,0.8082541227340698,7.8880814209987875
lane_merge,1.0,0,102026,pdstl,3,0.9880560636520386,1.0,0.805158257484436,8.479691956999886
lane_merge,1.0,0,102026,pdstl,4,0.9864437580108643,1.0,0.7948278188705444,8.240552203002153
lane_merge,1.0,0,102026,pdstl,5,0.9874358177185059,1.0,0.8023115396499634,8.307288355004857
lane_merge,1.0,0,102026,pdstl,6,0.9865460395812988,1.0,0.7670865058898926,7.575151347002247
lane_merge,1.0,0,102026,pdstl,7,0.9878499507904053,1.0,0.8004603385925293,7.036302693995822
lane_merge,1.0,0,102026,pdstl,8,0.9879448413848877,1.0,0.7649744153022766,7.180732483000611
lane_merge,1.0,0,102026,pdstl,9,0.9883906841278076,1.0,0.7984886169433594,8.413157404997037
lane_merge,1.0,0,102026,pdstl,10,0.9894026517868042,1.0,0.7769376039505005,8.360112859001674
lane_merge,1.0,0,102026,pdstl,11,0.9891345500946045,1.0,0.7721570134162903,8.150135456002317
lane_merge,1.0,0,102026,pdstl,12,0.989431619644165,1.0,0.7739689946174622,8.182448703002592
lane_merge,1.0,0,102026,pdstl,13,0.9868714809417725,0.9923813939094543,0.8816512823104858,1.2985710850043688
lane_merge,1.0,0,102026,pdstl,14,0.9925042390823364,0.9941438436508179,0.8861848711967468,1.2952130180055974
lane_merge,1.0,0,102026,pdstl,15,0.9919842481613159,0.9935793280601501,0.8857522010803223,1.294287159005762
lane_merge,1.0,0,102026,pdstl,16,0.9914544820785522,0.9930204153060913,0.8835200071334839,1.3566703000033158
lane_merge,1.0,0,102026,pdstl,17,0.9912331104278564,0.9927648901939392,0.8812959790229797,1.3104551710057422
lane_merge,2.0,0,102026,deterministic_stl,0,0.7815446853637695,1.0,1.0368809700012207,0.549025395004719
lane_merge,2.0,0,102026,deterministic_stl,1,0.7843070030212402,1.0,1.0809423923492432,0.5470665670000017
lane_merge,2.0,0,102026,deterministic_stl,2,0.7838256359100342,1.0,1.119467854499817,0.552536561001034
lane_merge,2.0,0,102026,deterministic_stl,3,0.7873492240905762,1.0,1.1281583309173584,0.5402594600018347
lane_merge,2.0,0,102026,deterministic_stl,4,0.7897460460662842,1.0,1.129408836364746,0.5383709720044862
lane_merge,2.0,0,102026,deterministic_stl,5,0.7854318618774414,1.0,1.1241676807403564,0.5396562960013398
lane_merge,2.0,0,102026,deterministic_stl,6,0.7866336107254028,1.0,1.1270508766174316,0.5409008810020168
lane_merge,2.0,0,102026,deterministic_stl,7,0.7912386655807495,1.0,1.1238501071929932,0.5383386840039748
lane_merge,2.0,0,102026,deterministic_stl,8,0.7916079759597778,1.0,1.1197760105133057,0.5377552529971581
lane_merge,2.0,0,102026,deterministic_stl,9,0.7887399196624756,1.0,1.123708724975586,0.5386592330032727
lane_merge,2.0,0,102026,deterministic_stl,10,0.7879883050918579,1.0,1.121152639389038,0.5413571910030441
lane_merge,2.0,0,102026,deterministic_stl,11,0.7869765758514404,1.0,1.1173170804977417,0.5437935829977505
lane_merge,2.0,0,102026,deterministic_stl,12,0.7859982252120972,1.0,1.112877368927002,0.5575844620034331
lane_merge,2.0,0,102026,deterministic_stl,13,0.7899272441864014,0.8850327134132385,1.0277845859527588,0.4040325340029085
lane_merge,2.0,0,102026,deterministic_stl,14,0.7895922660827637,0.8852437138557434,1.1124296188354492,0.4068168149970006
lane_merge,2.0,0,102026,deterministic_stl,15,0.7849857807159424,0.8870453834533691,1.094459056854248,0.4072793469968019
lane_merge,2.0,0,102026,deterministic_stl,16,0.78312087059021,0.8875425457954407,1.0789064168930054,0.41115811499912525
lane_merge,2.0,0,102026,deterministic_stl,17,0.7750496864318848,0.8886922001838684,1.085553526878357,0.4125072780007031
lane_merge,2.0,0,102026,pdstl,0,0.7547644376754761,1.0,0.558617115020752,8.366088465998473
lane_merge,2.0,0,102026,pdstl,1,0.775923490524292,1.0,0.5636905431747437,8.084117529004288
lane_merge,2.0,0,102026,pdstl,2,0.7724610567092896,1.0,0.5565041303634644,8.304829796994454
lane_merge,2.0,0,102026,pdstl,3,0.7949950695037842,1.0,0.5567106008529663,8.34941600199818
lane_merge,2.0,0,102026,pdstl,4,0.7902586460113525,1.0,0.5587378740310669,8.02621532700141
lane_merge,2.0,0,102026,pdstl,5,0.7985222339630127,1.0,0.5536738634109497,8.433922607997374
lane_merge,2.0,0,102026,pdstl,6,0.7907774448394775,1.0,0.5482317805290222,8.292089194001164
lane_merge,2.0,0,102026,pdstl,7,0.798245906829834,1.0,0.5478999018669128,8.381164456004626
lane_merge,2.0,0,102026,pdstl,8,0.7973241806030273,1.0,0.5488430857658386,8.306242052000016
lane_merge,2.0,0,102026,pdstl,9,0.7977964878082275,1.0,0.5436793565750122,8.509853279996605
lane_merge,2.0,0,102026,pdstl,10,0.7988543510437012,1.0,0.5400737524032593,8.419106719004049
lane_merge,2.0,0,102026,pdstl,11,0.7983421087265015,1.0,0.5363820195198059,8.51217663600255
lane_merge,2.0,0,102026,pdstl,12,0.7986584901809692,1.0,0.5325592756271362,7.79532476899476
lane_merge,2.0,0,102026,pdstl,13,0.7990769147872925,0.8669482469558716,0.7108729481697083,1.285679713000718
lane_merge,2.0,0,102026,pdstl,14,0.798408031463623,0.8731316328048706,0.7093077898025513,1.3345745200058445
lane_merge,2.0,0,102026,pdstl,15,0.7983613014221191,0.8729447722434998,0.6990039944648743,1.3237742170022102
lane_merge,2.0,0,102026,pdstl,16,0.7983455657958984,0.8717396259307861,0.6856250166893005,1.3197666500054765
lane_merge,2.0,0,102026,pdstl,17,0.7978882789611816,0.8760777711868286,0.6732072234153748,1.3118372419994557
